username,followDate,usernameColor
4tc9Yq0TuaJi,Aug - 16 - 2008,#81E607
g1lnBiO,Sep - 10 - 2016,#523F19
fPnVCWO10o,Mar - 01 - 2001,#A45565
JYEQ3D907UU,Dec - 03 - 2020,#84AD9E
vREtlA5gR,Feb - 27 - 2003,#066C6A
lKPg839y476,May - 24 - 2009,#216574
IeQWtgu6,Oct - 01 - 2002,#FDE94D
9WnBMKety,Apr - 27 - 2002,#BA043B
XD7q3Rrqfar,Jan - 28 - 2008,#2EF9DF
qTJ0ND1nOcKn,Oct - 22 - 2017,#6CCAB8
oANjJVTL,Aug - 16 - 2021,#E723A9
cDaPEQB,Aug - 25 - 2002,#F9694A
AEl7ihVbNv,Jul - 07 - 2005,#EFCD4E
Fp2SYX1Cm,Jun - 16 - 2018,#C07F89
efxvrwP9Sob,Jun - 19 - 2002,#84776C
AgN8yVJC9,Aug - 07 - 2011,#14C310
pLEcPxmc,Mar - 18 - 2017,#C7661F
uSdUnv0F,May - 17 - 2011,#CB9DAA
n8aAAA,Nov - 20 - 2001,#60A03D
xJLMudBEP3,Aug - 14 - 2002,#0B4999
c0DgCQIm,May - 29 - 2002,#431BE2
4MJYbe,Apr - 07 - 2022,#FB2621
1PF3NRt8V,Jan - 13 - 2000,#8C03C2
YbqIZi,Mar - 19 - 2006,#A4EC6E
tGz5aL,Mar - 08 - 2001,#BC25BD
3jLG7my,Feb - 21 - 2001,#3B7BEB
ZE5WHzuCu3,Apr - 05 - 2010,#3D3816
r2j480Gw9P,Feb - 09 - 2013,#1568CD
0W0AQGsD,Jun - 21 - 2019,#2284D0
kst6BeqXmq,Aug - 04 - 2016,#8E5B0C
xMilxRykq,Jan - 28 - 2014,#531286
KZu66NtCaadh,Aug - 14 - 2024,#03690A
1QJMsbztDC5,Jun - 09 - 2025,#D22BE1
nE8XYFNTXraa,Jun - 06 - 2009,#CAB4D6
OA1svHTAcF,May - 01 - 2005,#07D61E
VQYpTD0Q,Oct - 09 - 2021,#776CEB
JrAii6,Jul - 05 - 2024,#7BD0B7
a6k6W4C9,Jan - 30 - 2003,#FD97D2
66VkHOFwBYe,May - 11 - 2025,#42E221
kp8nU1BBJcSy,Apr - 21 - 2010,#945984
r1vyJR,Dec - 19 - 2025,#F88AB5
C8uq53Aq,Mar - 15 - 2005,#60620F
NH1LrC5oW,Jul - 30 - 2017,#26E641
P3BwoIV6,Sep - 11 - 2025,#2E55B6
IcHxSDNbVOg,May - 12 - 2010,#5D0591
ZwpMdZ,Mar - 01 - 2013,#20F418
0ek6tT,Apr - 06 - 2016,#4A4DDE
pM2HSAJt,Jan - 13 - 2016,#05FC57
9e1yqtrM,Sep - 17 - 2008,#A6AC12
b3O1RcS,Aug - 17 - 2013,#2AE816
v1DFabtNAxTD,Aug - 02 - 2009,#F5B1BC
k4bCdthw,Jun - 25 - 2003,#11FF5F
DU7JZBv,Nov - 06 - 2013,#0F4827
NW9QbtDO,Jun - 06 - 2009,#738EF3
mahblXen,Jan - 12 - 2008,#A4CE2D
TCYHGmE,Jan - 03 - 2012,#B615ED
gBQWzxg,Mar - 13 - 2007,#FE48C1
b007nv8,Jan - 01 - 2015,#1D1511
fPbwx4SrrSCQ,Feb - 18 - 2014,#3FE83C
v8BjItNU6G,Dec - 24 - 2020,#74513F
ul7WQp3b8,Nov - 29 - 2011,#7A2FC5
P4DYUoSNuLT6,Jan - 11 - 2010,#38A753
sUprq7c2,Nov - 27 - 2025,#6D717C
kabyOe7bi,Apr - 20 - 2024,#6E5DE5
n9eFTAV45J,Mar - 28 - 2013,#6AC07A
IVoliJ8k9j,Sep - 09 - 2012,#8E0CBD
nrekcE,Nov - 09 - 2025,#C5C242
sDcrB6,Apr - 23 - 2015,#5A5027
VckOH0Fxgzo8,Jul - 17 - 2020,#5EA6EF
1CzaPF1Voc1,May - 01 - 2021,#B254C9
gyxVrWwJtGu,Dec - 01 - 2010,#AC3980
q2pfWw91aVF,Aug - 06 - 2019,#6C7A7D
upPtno950h,Nov - 16 - 2014,#B2B1D3
DrF3TTaTNcVz,Nov - 18 - 2010,#085357
GoDWpm1pH,Feb - 12 - 2009,#388951
AoKW26jM3,Aug - 16 - 2023,#345ED2
qaTRSrrw5f,Sep - 08 - 2012,#A1342E
AT2l4vNdw13,Jul - 05 - 2024,#57E5DF
5cMLUJ,Oct - 24 - 2016,#3BD548
KhluJl3zJOq,Jun - 10 - 2011,#35039D
rLAbAta1R,Nov - 11 - 2020,#E86A03
ptnIeVX,Jan - 09 - 2024,#5C2FF0
reOpaJwRFF9V,May - 16 - 2017,#F70A9F
gDZeUI,May - 11 - 2011,#9A3925
8qHwI6U,Mar - 14 - 2007,#369B3B
PnA0YQ2TeRlo,May - 13 - 2019,#F39A58
Slhc4nI,Jul - 02 - 2019,#3BDD4B
rZNhcK5y6,Nov - 12 - 2000,#927FE0
9X7xf6,May - 16 - 2014,#CE391B
lJ3Ff4Dv6o,Apr - 08 - 2000,#0D12F3
PP0Ccrz0,Jan - 04 - 2012,#D185D7
bf2C218,Dec - 17 - 2004,#0689DC
g5AWWjgun0G7,Nov - 28 - 2012,#330461
J5pFrLn1eR,Aug - 23 - 2002,#D18CB0
hvoWDwgl,May - 11 - 2020,#85D748
HOMeuR3F,Aug - 22 - 2019,#42E9EE
g25oj9hZt7,Apr - 05 - 2020,#47C6BB
PhTYnmPQa,Dec - 21 - 2023,#580EF9
XkFkVqqELX,May - 23 - 2009,#5F7D38
SPx5VQ,Mar - 13 - 2013,#B2CA3A
